
[
    {
      "id": 1,
      "name": "Kawat Bronjong SNI 2x1x0.5M",
      "price": "Rp. 275.000",
      "image": "dummy1.webp",
      "supplier": "CV. Dua Putra Petir",
      "category": "Kawat",
      "location": "Jawa Timur"
    },
    {
      "id": 2,
      "name": "Besi Wiremesh M4 SNI Termurah Di Surabaya",
      "price": "Rp. 123",
      "image": "dummy2.webp",
      "supplier": "CV. Dua Putra Petir",
      "category": "Besi",
      "location": "Jawa Timur"
    },
    {
      "id": 3,
      "name": "Pagar BRC Galvanis 60 x 240 6 mm",
      "price": "Rp. 123",
      "image": "dummy3.webp",
      "supplier": "CV. Dua Putra Petir",
      "category": "Pagar",
      "location": "Jawa Timur"
    },
    {
      "id": 4,
      "name": "Gasket Packing / SWG /Rubber / Rubber Gasket",
      "price": "Rp. 123",
      "image": "dummy4.webp",
      "supplier": "Toko Mulia Jaya Packing",
      "category": "Gasket",
      "location": "DKI Jakarta"
    },
    {
      "id": 5,
      "name": "Tirai PVC / Plastik Hitam (Black PVC Curtain)",
      "price": "Rp. 123",
      "image": "dummy5.webp",
      "supplier": "Toko Mulia Jaya Packing",
      "category": "Tirai PVC / Plastik",
      "location": "DKI Jakarta"
    },
    {
      "id": 6,
      "name": "Karet Lembaran Gulungan / Rubber Sheet",
      "price": "Rp. 123",
      "image": "dummy6.webp",
      "supplier": "Toko Mulia Jaya Packing",
      "category": "Rubber Sheet Karet Gulungan",
      "location": "DKI Jakarta"
    },
    {
      "id": 7,
      "name": "KARET GELANG PENTIL KECIL GROSIR ISI 250 GR - WARNA MERAH KUNING HIJAU UNGU DAN MIX",
      "price": "Rp. 13.379",
      "image": "dummy7.webp",
      "supplier": "PT. Karet Gelang Indonesia",
      "category": "Karet",
      "location": "Jawa Timur"
    },
    {
      "id": 8,
      "name": "Karet gelang giok hijau @100gr @500gr",
      "price": "Rp. 123",
      "image": "dummy8.webp",
      "supplier": "PT Mitra Unit Plastindo Cemerlang",
      "category": "Karet",
      "location": "DKI Jakarta"
    },
    {
      "id": 9,
      "name": "Karet Anti Static Lembaran 2mm",
      "price": "Rp. 1.000",
      "image": "dummy9.webp",
      "supplier": "CV. Sinar Gemilang Packing",
      "category": "Karet",
      "location": "DKI Jakarta"
    },
    {
      "id": 10,
      "name": "GSF Stainless Steel Baki/nampan Makan 3136 per karton isi 180 pcs",
      "price": "Rp. 12.000",
      "image": "dummy10.webp",
      "supplier": "PT Jaya Utama Santikah",
      "category": "Baki dan Palet",
      "location": "DKI Jakarta"
    },
    {
      "id": 11,
      "name": "Solent SOL-741-0806G Capacity 63 L Drip Tray with Grid",
      "price": "Rp. 1.000",
      "image": "dummy11.webp",
      "supplier": "PT. Kalsa Triaapsara Utama",
      "category": "Baki dan Palet",
      "location": "Jawa Barat"
    },
    {
      "id": 12,
      "name": "STYROFOAM MEGA MANGKOK / FOAM MANGKOK KECIL / FOAM MANGKOK TANGGUNG",
      "price": "Rp. 100",
      "image": "dummy12.webp",
      "supplier": "PT Mitra Unit Plastindo Cemerlang",
      "category": "Styrofoam",
      "location": "DKI Jakarta"
    }
  ]
  